[{"id":1,"reference":"Ref001","Description":"Lorem ipsum dolor sit amet consectetur adipisicing elit. At commodi quia quis. Odit itaque dicta distinctio cumque placeat possimus iure, amet fugiat rem at voluptas eligendi saepe accusantium neque doloribus?","prix":500000,"zone":{"id":1,"nom":"zone 1"},"type":"chambre"},{"id":"6085c07860947","reference":"Ref001","Description":"Lorem ipsum dolor sit amet consectetur adipisicing elit. At commodi quia quis. Odit itaque dicta distinctio cumque placeat possimus iure, amet fugiat rem at voluptas eligendi saepe accusantium neque doloribus?","prix":500000,"zone":{"id":1,"nom":"zone 1"},"type":"chambre"}]